item_id,component_type,pressure_bar,temperature_c,confidence,drawing_no,ai_pressure_bar,human_pressure_bar,changed_pressure_bar,ai_temperature_c,human_temperature_c,changed_temperature_c,ai_confidence,human_confidence,changed_confidence,ai_drawing_no,human_drawing_no,changed_drawing_no,changed_any
B-0001,Motor,-4.982265455718796,-4.381171015106489,0.5672571006190039,DWG-200,-4.982265455718796,0.0,True,-4.381171015106489,-4.381171015106489,False,0.5672571006190039,0.5672571006190039,False,DWG-200,DWG-200,False,True
B-0003,Motor,-6.441131023685061,292.4960762762612,0.669218471707042,DWG-300,-6.441131023685061,0.0,True,292.4960762762612,292.4960762762612,False,0.669218471707042,0.669218471707042,False,DWG-300,DWG-300,False,True
B-0004,Motor,1.47964410642413,4.763953065467916,0.7028940114820467,,1.47964410642413,1.47964410642413,False,4.763953065467916,4.763953065467916,False,0.7028940114820467,0.7028940114820467,False,,DWG-MANUAL,True,True
B-0005,Pump,6.045924618288731,297.4938269596314,1.0972186350420874,DWG-200,6.045924618288731,6.045924618288731,False,297.4938269596314,297.4938269596314,False,1.0972186350420874,1.0,True,DWG-200,DWG-200,False,True
B-0006,Tank,16.530186312528926,164.93023225465706,1.0682620241188538,DWG-300,16.530186312528926,16.530186312528926,False,164.93023225465706,164.93023225465706,False,1.0682620241188538,1.0,True,DWG-300,DWG-300,False,True
B-0007,Tank,-6.486897209435515,12.503986892687891,0.9718276241814354,DWG-200,-6.486897209435515,0.0,True,12.503986892687891,12.503986892687891,False,0.9718276241814354,0.9718276241814354,False,DWG-200,DWG-200,False,True
B-0010,Filter,-2.8520692083836074,154.61719546606358,1.0926195399958367,DWG-100,-2.8520692083836074,0.0,True,154.61719546606358,154.61719546606358,False,1.0926195399958367,1.0,True,DWG-100,DWG-100,False,True
B-0011,Tank,8.696827794106166,-108.42696638685476,0.878343382727981,DWG-200,8.696827794106166,8.696827794106166,False,-108.42696638685476,-40.0,True,0.878343382727981,0.878343382727981,False,DWG-200,DWG-200,False,True
B-0012,Pipe,6.59247756458776,-7.256461098984232,1.3138659079963388,DWG-200,6.59247756458776,6.59247756458776,False,-7.256461098984232,-7.256461098984232,False,1.3138659079963388,1.0,True,DWG-200,DWG-200,False,True
B-0016,Pipe,5.908138762009984,101.32412011199045,0.8767081809564564,,5.908138762009984,5.908138762009984,False,101.32412011199045,101.32412011199045,False,0.8767081809564564,0.8767081809564564,False,,DWG-MANUAL,True,True
B-0017,Pipe,10.297045396168373,-80.24132304521214,0.8195060327238912,DWG-200,10.297045396168373,10.297045396168373,False,-80.24132304521214,-40.0,True,0.8195060327238912,0.8195060327238912,False,DWG-200,DWG-200,False,True
B-0019,Filter,-4.902523990614792,153.27028943405878,1.0413404633589167,DWG-100,-4.902523990614792,0.0,True,153.27028943405878,153.27028943405878,False,1.0413404633589167,1.0,True,DWG-100,DWG-100,False,True
B-0021,Valve,-10.616702396180015,209.69368706655462,0.5837534092884444,DWG-100,-10.616702396180015,0.0,True,209.69368706655462,209.69368706655462,False,0.5837534092884444,0.5837534092884444,False,DWG-100,DWG-100,False,True
B-0025,Motor,0.018403841435249646,-119.31531202191897,0.41942188140950337,DWG-100,0.018403841435249646,0.018403841435249646,False,-119.31531202191897,-40.0,True,0.41942188140950337,0.41942188140950337,False,DWG-100,DWG-100,False,True
B-0027,Valve,1.0559925227293374,104.92252245957334,1.3485999034865581,DWG-100,1.0559925227293374,1.0559925227293374,False,104.92252245957334,104.92252245957334,False,1.3485999034865581,1.0,True,DWG-100,DWG-100,False,True
B-0029,Tank,11.796816776168196,-73.20982909843713,1.0176981548903283,DWG-200,11.796816776168196,11.796816776168196,False,-73.20982909843713,-40.0,True,1.0176981548903283,1.0,True,DWG-200,DWG-200,False,True
B-0030,Tank,7.856123887720379,-49.726784848991485,0.866365871709513,DWG-300,7.856123887720379,7.856123887720379,False,-49.726784848991485,-40.0,True,0.866365871709513,0.866365871709513,False,DWG-300,DWG-300,False,True
B-0031,Pump,-0.5432767620852337,206.37834239994842,0.8302220693617715,DWG-200,-0.5432767620852337,0.0,True,206.37834239994842,206.37834239994842,False,0.8302220693617715,0.8302220693617715,False,DWG-200,DWG-200,False,True
B-0032,Filter,12.196799003466005,75.25338153720139,1.0338152965975538,DWG-200,12.196799003466005,12.196799003466005,False,75.25338153720139,75.25338153720139,False,1.0338152965975538,1.0,True,DWG-200,DWG-200,False,True
B-0036,Pipe,-1.6319600873765783,192.5940567171197,0.7163819092713902,DWG-100,-1.6319600873765783,0.0,True,192.5940567171197,192.5940567171197,False,0.7163819092713902,0.7163819092713902,False,DWG-100,DWG-100,False,True
B-0037,Tank,0.5185516784242434,18.074632613915128,1.0484084699073046,DWG-200,0.5185516784242434,0.5185516784242434,False,18.074632613915128,18.074632613915128,False,1.0484084699073046,1.0,True,DWG-200,DWG-200,False,True
B-0044,Motor,9.376779049360303,230.6907350688225,1.0671791131663155,,9.376779049360303,9.376779049360303,False,230.6907350688225,230.6907350688225,False,1.0671791131663155,1.0,True,,DWG-MANUAL,True,True
B-0047,Filter,13.79021481589752,27.23227300709901,1.0135532598400574,DWG-200,13.79021481589752,13.79021481589752,False,27.23227300709901,27.23227300709901,False,1.0135532598400574,1.0,True,DWG-200,DWG-200,False,True
B-0048,Valve,11.603330791904238,253.63734612244795,1.1280415098034626,DWG-200,11.603330791904238,11.603330791904238,False,253.63734612244795,253.63734612244795,False,1.1280415098034626,1.0,True,DWG-200,DWG-200,False,True
B-0051,Pump,5.168030733062072,-98.26724476443664,0.5876327535299681,DWG-300,5.168030733062072,5.168030733062072,False,-98.26724476443664,-40.0,True,0.5876327535299681,0.5876327535299681,False,DWG-300,DWG-300,False,True
B-0055,Motor,3.9588555650585233,207.85764500784214,0.8126057394029108,,3.9588555650585233,3.9588555650585233,False,207.85764500784214,207.85764500784214,False,0.8126057394029108,0.8126057394029108,False,,DWG-MANUAL,True,True
B-0058,Filter,-1.5457654658677802,355.86777483431,0.8359002443881818,DWG-200,-1.5457654658677802,0.0,True,355.86777483431,350.0,True,0.8359002443881818,0.8359002443881818,False,DWG-200,DWG-200,False,True
B-0060,Filter,-3.048139051997616,26.539697431907385,0.862894882962024,DWG-100,-3.048139051997616,0.0,True,26.539697431907385,26.539697431907385,False,0.862894882962024,0.862894882962024,False,DWG-100,DWG-100,False,True
B-0061,Motor,-4.713508902301857,254.4061372541241,0.4549066867292257,DWG-100,-4.713508902301857,0.0,True,254.4061372541241,254.4061372541241,False,0.4549066867292257,0.4549066867292257,False,DWG-100,DWG-100,False,True
B-0066,Pump,4.902025817224683,-81.33406132411324,1.1561501664687395,DWG-200,4.902025817224683,4.902025817224683,False,-81.33406132411324,-40.0,True,1.1561501664687395,1.0,True,DWG-200,DWG-200,False,True
B-0067,Filter,-2.1780349718866523,-30.238233578103788,1.0937523703394634,DWG-200,-2.1780349718866523,0.0,True,-30.238233578103788,-30.238233578103788,False,1.0937523703394634,1.0,True,DWG-200,DWG-200,False,True
B-0068,Pump,5.606436465549811,-40.496892010248146,0.8073114258139584,DWG-100,5.606436465549811,5.606436465549811,False,-40.496892010248146,-40.0,True,0.8073114258139584,0.8073114258139584,False,DWG-100,DWG-100,False,True
B-0069,Pipe,-0.4172936920968935,-12.135707812495411,1.1481452273699904,DWG-200,-0.4172936920968935,0.0,True,-12.135707812495411,-12.135707812495411,False,1.1481452273699904,1.0,True,DWG-200,DWG-200,False,True
B-0072,Pump,-1.6039775743400924,266.0600591376892,0.727319467291812,DWG-100,-1.6039775743400924,0.0,True,266.0600591376892,266.0600591376892,False,0.727319467291812,0.727319467291812,False,DWG-100,DWG-100,False,True
B-0074,Pipe,8.303451634204995,198.11868781719005,0.7723646362917542,,8.303451634204995,8.303451634204995,False,198.11868781719005,198.11868781719005,False,0.7723646362917542,0.7723646362917542,False,,DWG-MANUAL,True,True
B-0076,Pump,-1.5777631645314516,74.06435484170805,0.8821147962099729,DWG-300,-1.5777631645314516,0.0,True,74.06435484170805,74.06435484170805,False,0.8821147962099729,0.8821147962099729,False,DWG-300,DWG-300,False,True
B-0078,Filter,6.959732568869782,-54.72664258747582,0.9373876339492699,DWG-200,6.959732568869782,6.959732568869782,False,-54.72664258747582,-40.0,True,0.9373876339492699,0.9373876339492699,False,DWG-200,DWG-200,False,True
B-0079,Pump,0.9444545970309619,125.88916954208608,1.0881292549572683,DWG-100,0.9444545970309619,0.9444545970309619,False,125.88916954208608,125.88916954208608,False,1.0881292549572683,1.0,True,DWG-100,DWG-100,False,True
B-0080,Pump,1.2316935550534178,99.97426498556673,1.0399108270882647,DWG-200,1.2316935550534178,1.2316935550534178,False,99.97426498556673,99.97426498556673,False,1.0399108270882647,1.0,True,DWG-200,DWG-200,False,True
B-0082,Filter,-6.584674731978593,114.70023726893817,0.33921577301960903,DWG-200,-6.584674731978593,0.0,True,114.70023726893817,114.70023726893817,False,0.33921577301960903,0.33921577301960903,False,DWG-200,DWG-200,False,True
B-0083,Pipe,-6.259710195012442,374.6360167893073,1.0368639822478547,DWG-300,-6.259710195012442,0.0,True,374.6360167893073,350.0,True,1.0368639822478547,1.0,True,DWG-300,DWG-300,False,True
B-0084,Pipe,-0.7475537700194881,3.471201889842092,0.5766242603169158,DWG-300,-0.7475537700194881,0.0,True,3.471201889842092,3.471201889842092,False,0.5766242603169158,0.5766242603169158,False,DWG-300,DWG-300,False,True
B-0089,Motor,3.720491760292583,222.68198373290622,1.0018310320605295,DWG-100,3.720491760292583,3.720491760292583,False,222.68198373290622,222.68198373290622,False,1.0018310320605295,1.0,True,DWG-100,DWG-100,False,True
B-0091,Motor,-3.0202349171024707,11.510444750062845,0.331791541571018,DWG-200,-3.0202349171024707,0.0,True,11.510444750062845,11.510444750062845,False,0.331791541571018,0.331791541571018,False,DWG-200,DWG-200,False,True
B-0095,Filter,-1.6178475484185837,155.9518181306613,0.8866719839558311,DWG-100,-1.6178475484185837,0.0,True,155.9518181306613,155.9518181306613,False,0.8866719839558311,0.8866719839558311,False,DWG-100,DWG-100,False,True
B-0097,Motor,17.26191130402062,-101.88929379966783,0.9658582999202177,DWG-200,17.26191130402062,17.26191130402062,False,-101.88929379966783,-40.0,True,0.9658582999202177,0.9658582999202177,False,DWG-200,DWG-200,False,True
B-0100,Motor,10.5211519336889,6.465357141873653,1.0893143003328982,DWG-300,10.5211519336889,10.5211519336889,False,6.465357141873653,6.465357141873653,False,1.0893143003328982,1.0,True,DWG-300,DWG-300,False,True
B-0105,Filter,-1.1840782708437319,321.224544651962,0.6730394571946198,DWG-100,-1.1840782708437319,0.0,True,321.224544651962,321.224544651962,False,0.6730394571946198,0.6730394571946198,False,DWG-100,DWG-100,False,True
B-0107,Tank,8.983986329963598,-15.795669344614453,1.1923416960284687,DWG-300,8.983986329963598,8.983986329963598,False,-15.795669344614453,-15.795669344614453,False,1.1923416960284687,1.0,True,DWG-300,DWG-300,False,True
B-0108,Valve,16.609148862360335,-85.51830736174327,0.5756197714137288,DWG-200,16.609148862360335,16.609148862360335,False,-85.51830736174327,-40.0,True,0.5756197714137288,0.5756197714137288,False,DWG-200,DWG-200,False,True
B-0110,Tank,22.22545966009245,76.02476325514435,1.1442340654987218,DWG-300,22.22545966009245,22.22545966009245,False,76.02476325514435,76.02476325514435,False,1.1442340654987218,1.0,True,DWG-300,DWG-300,False,True
B-0111,Valve,-1.138780503104396,295.3469436221345,0.8081352645696267,DWG-300,-1.138780503104396,0.0,True,295.3469436221345,295.3469436221345,False,0.8081352645696267,0.8081352645696267,False,DWG-300,DWG-300,False,True
B-0113,Motor,6.4667360459068135,106.85455419666782,1.0579809374792153,DWG-200,6.4667360459068135,6.4667360459068135,False,106.85455419666782,106.85455419666782,False,1.0579809374792153,1.0,True,DWG-200,DWG-200,False,True
B-0115,Pump,-1.4663862828412118,222.60719281377007,1.2152019427093872,DWG-200,-1.4663862828412118,0.0,True,222.60719281377007,222.60719281377007,False,1.2152019427093872,1.0,True,DWG-200,DWG-200,False,True
B-0116,Valve,-1.7177747374462085,383.2318911048346,0.9855851742678539,DWG-200,-1.7177747374462085,0.0,True,383.2318911048346,350.0,True,0.9855851742678539,0.9855851742678539,False,DWG-200,DWG-200,False,True
B-0118,Valve,-11.991165794478455,21.267266897813343,1.2814616426531007,DWG-300,-11.991165794478455,0.0,True,21.267266897813343,21.267266897813343,False,1.2814616426531007,1.0,True,DWG-300,DWG-300,False,True
B-0120,Pump,-1.0730612924295837,161.82697875515737,0.9984190744018614,DWG-200,-1.0730612924295837,0.0,True,161.82697875515737,161.82697875515737,False,0.9984190744018614,0.9984190744018614,False,DWG-200,DWG-200,False,True
B-0122,Pipe,7.7340478062172755,150.07138223911568,1.1103482578797597,DWG-200,7.7340478062172755,7.7340478062172755,False,150.07138223911568,150.07138223911568,False,1.1103482578797597,1.0,True,DWG-200,DWG-200,False,True
B-0123,Motor,20.00936671372709,36.884949105552856,1.1623022393453706,DWG-100,20.00936671372709,20.00936671372709,False,36.884949105552856,36.884949105552856,False,1.1623022393453706,1.0,True,DWG-100,DWG-100,False,True
B-0126,Pipe,-2.1873173707868636,178.45786174368368,0.9419944285878232,DWG-100,-2.1873173707868636,0.0,True,178.45786174368368,178.45786174368368,False,0.9419944285878232,0.9419944285878232,False,DWG-100,DWG-100,False,True
B-0128,Tank,-5.561865656165137,208.00096275069848,1.2526774495053246,DWG-300,-5.561865656165137,0.0,True,208.00096275069848,208.00096275069848,False,1.2526774495053246,1.0,True,DWG-300,DWG-300,False,True
B-0132,Pipe,-8.70507623272702,59.94583036197748,0.5805747420940607,DWG-200,-8.70507623272702,0.0,True,59.94583036197748,59.94583036197748,False,0.5805747420940607,0.5805747420940607,False,DWG-200,DWG-200,False,True
B-0134,Valve,4.083681237979057,224.78107598100283,1.090082781588885,DWG-300,4.083681237979057,4.083681237979057,False,224.78107598100283,224.78107598100283,False,1.090082781588885,1.0,True,DWG-300,DWG-300,False,True
B-0136,Pump,-7.755421270354937,124.24079706474814,0.6406178034636121,DWG-200,-7.755421270354937,0.0,True,124.24079706474814,124.24079706474814,False,0.6406178034636121,0.6406178034636121,False,DWG-200,DWG-200,False,True
B-0138,Tank,5.041949597745465,83.44937875217809,1.0871408309325994,,5.041949597745465,5.041949597745465,False,83.44937875217809,83.44937875217809,False,1.0871408309325994,1.0,True,,DWG-MANUAL,True,True
B-0140,Pump,1.3994762281660509,102.9318881623884,1.0492095371611634,DWG-300,1.3994762281660509,1.3994762281660509,False,102.9318881623884,102.9318881623884,False,1.0492095371611634,1.0,True,DWG-300,DWG-300,False,True
B-0142,Filter,-3.540963435060755,-83.18273691759032,0.5656378666516313,DWG-200,-3.540963435060755,0.0,True,-83.18273691759032,-40.0,True,0.5656378666516313,0.5656378666516313,False,DWG-200,DWG-200,False,True
B-0143,Motor,3.860964119829652,169.55042792326648,1.1502667303910974,DWG-100,3.860964119829652,3.860964119829652,False,169.55042792326648,169.55042792326648,False,1.1502667303910974,1.0,True,DWG-100,DWG-100,False,True
B-0145,Valve,9.115510672469991,339.59056679665525,0.7998333967089906,,9.115510672469991,9.115510672469991,False,339.59056679665525,339.59056679665525,False,0.7998333967089906,0.7998333967089906,False,,DWG-MANUAL,True,True
B-0146,Filter,10.692919024711118,43.0666118056399,1.1156388283698115,DWG-200,10.692919024711118,10.692919024711118,False,43.0666118056399,43.0666118056399,False,1.1156388283698115,1.0,True,DWG-200,DWG-200,False,True
B-0147,Motor,-3.997136734702954,106.29803931967268,0.961246001880132,DWG-100,-3.997136734702954,0.0,True,106.29803931967268,106.29803931967268,False,0.961246001880132,0.961246001880132,False,DWG-100,DWG-100,False,True
B-0148,Filter,-7.272913365884978,109.92604204529063,0.9411775544163214,DWG-100,-7.272913365884978,0.0,True,109.92604204529063,109.92604204529063,False,0.9411775544163214,0.9411775544163214,False,DWG-100,DWG-100,False,True
B-0149,Pipe,15.221414575188073,269.2943935716169,1.2830004689802168,DWG-200,15.221414575188073,15.221414575188073,False,269.2943935716169,269.2943935716169,False,1.2830004689802168,1.0,True,DWG-200,DWG-200,False,True
B-0151,Motor,-0.9878922924524289,113.4825830924407,1.0355680256162474,DWG-100,-0.9878922924524289,0.0,True,113.4825830924407,113.4825830924407,False,1.0355680256162474,1.0,True,DWG-100,DWG-100,False,True
B-0154,Filter,14.434377472510612,26.42796625393661,1.1556936852825064,DWG-100,14.434377472510612,14.434377472510612,False,26.42796625393661,26.42796625393661,False,1.1556936852825064,1.0,True,DWG-100,DWG-100,False,True
B-0157,Tank,19.042726739545635,-43.181835929327235,1.0645014674619604,,19.042726739545635,19.042726739545635,False,-43.181835929327235,-40.0,True,1.0645014674619604,1.0,True,,DWG-MANUAL,True,True
B-0161,Pump,15.94905246025879,-102.78242857405297,0.4567286821247996,DWG-300,15.94905246025879,15.94905246025879,False,-102.78242857405297,-40.0,True,0.4567286821247996,0.4567286821247996,False,DWG-300,DWG-300,False,True
B-0162,Motor,-2.719387684640836,12.929378327409395,1.2612414259880644,,-2.719387684640836,0.0,True,12.929378327409395,12.929378327409395,False,1.2612414259880644,1.0,True,,DWG-MANUAL,True,True
B-0164,Valve,13.467395894796702,267.86288350812083,0.8057492752828456,,13.467395894796702,13.467395894796702,False,267.86288350812083,267.86288350812083,False,0.8057492752828456,0.8057492752828456,False,,DWG-MANUAL,True,True
B-0165,Motor,-9.069915891384914,72.10996867124146,0.7946373400222159,DWG-200,-9.069915891384914,0.0,True,72.10996867124146,72.10996867124146,False,0.7946373400222159,0.7946373400222159,False,DWG-200,DWG-200,False,True
B-0166,Pipe,-4.466068101326201,13.376056796816187,0.9114813395618201,DWG-200,-4.466068101326201,0.0,True,13.376056796816187,13.376056796816187,False,0.9114813395618201,0.9114813395618201,False,DWG-200,DWG-200,False,True
B-0167,Filter,-11.313857422080805,305.7388483328708,1.0131474425078593,DWG-200,-11.313857422080805,0.0,True,305.7388483328708,305.7388483328708,False,1.0131474425078593,1.0,True,DWG-200,DWG-200,False,True
B-0168,Filter,2.844745324443538,-93.7616680499493,1.0220946976719492,DWG-200,2.844745324443538,2.844745324443538,False,-93.7616680499493,-40.0,True,1.0220946976719492,1.0,True,DWG-200,DWG-200,False,True
B-0169,Filter,10.740338046367699,-183.8567147944098,0.7333845122862123,DWG-100,10.740338046367699,10.740338046367699,False,-183.8567147944098,-40.0,True,0.7333845122862123,0.7333845122862123,False,DWG-100,DWG-100,False,True
B-0172,Pipe,18.028924364570337,-42.54793805568559,0.8002617747632905,DWG-300,18.028924364570337,18.028924364570337,False,-42.54793805568559,-40.0,True,0.8002617747632905,0.8002617747632905,False,DWG-300,DWG-300,False,True
B-0173,Pipe,-6.040811665719131,165.0027736759224,1.1714691152039984,DWG-300,-6.040811665719131,0.0,True,165.0027736759224,165.0027736759224,False,1.1714691152039984,1.0,True,DWG-300,DWG-300,False,True
B-0174,Tank,-8.627059514841237,109.25608565254386,0.9481949903276503,DWG-200,-8.627059514841237,0.0,True,109.25608565254386,109.25608565254386,False,0.9481949903276503,0.9481949903276503,False,DWG-200,DWG-200,False,True
B-0176,Filter,8.072523591514457,-73.63652784050734,0.9825762537334826,DWG-100,8.072523591514457,8.072523591514457,False,-73.63652784050734,-40.0,True,0.9825762537334826,0.9825762537334826,False,DWG-100,DWG-100,False,True
B-0177,Valve,4.738442015247255,184.69487939361736,1.084694771497065,DWG-100,4.738442015247255,4.738442015247255,False,184.69487939361736,184.69487939361736,False,1.084694771497065,1.0,True,DWG-100,DWG-100,False,True
B-0178,Pipe,-11.539536800319013,158.02414135503932,0.8862043117407413,DWG-100,-11.539536800319013,0.0,True,158.02414135503932,158.02414135503932,False,0.8862043117407413,0.8862043117407413,False,DWG-100,DWG-100,False,True
B-0180,Valve,-5.435756004038826,301.5964395257199,0.9299375903505283,DWG-100,-5.435756004038826,0.0,True,301.5964395257199,301.5964395257199,False,0.9299375903505283,0.9299375903505283,False,DWG-100,DWG-100,False,True
B-0181,Valve,10.357380390640309,-48.410171959138296,0.7197286212416342,,10.357380390640309,10.357380390640309,False,-48.410171959138296,-40.0,True,0.7197286212416342,0.7197286212416342,False,,DWG-MANUAL,True,True
B-0182,Tank,7.932785968774786,-103.06302051096867,0.7442766636500486,DWG-200,7.932785968774786,7.932785968774786,False,-103.06302051096867,-40.0,True,0.7442766636500486,0.7442766636500486,False,DWG-200,DWG-200,False,True
B-0183,Pipe,-2.519038290618842,-3.0289683857493372,0.9672728037510187,DWG-200,-2.519038290618842,0.0,True,-3.0289683857493372,-3.0289683857493372,False,0.9672728037510187,0.9672728037510187,False,DWG-200,DWG-200,False,True
B-0184,Valve,0.8890646613064517,74.52967803734026,1.097656614286727,DWG-200,0.8890646613064517,0.8890646613064517,False,74.52967803734026,74.52967803734026,False,1.097656614286727,1.0,True,DWG-200,DWG-200,False,True
B-0185,Filter,-3.4737081751116126,109.20073391872302,0.8542543153472123,DWG-100,-3.4737081751116126,0.0,True,109.20073391872302,109.20073391872302,False,0.8542543153472123,0.8542543153472123,False,DWG-100,DWG-100,False,True
B-0187,Valve,12.641138564009907,122.24664758171562,1.1904429889270476,DWG-200,12.641138564009907,12.641138564009907,False,122.24664758171562,122.24664758171562,False,1.1904429889270476,1.0,True,DWG-200,DWG-200,False,True
B-0188,Tank,-2.88580837068435,-70.18473090285329,0.8981506358977136,DWG-200,-2.88580837068435,0.0,True,-70.18473090285329,-40.0,True,0.8981506358977136,0.8981506358977136,False,DWG-200,DWG-200,False,True
B-0189,Pipe,9.032372124142755,253.25175248879114,1.370336622836079,DWG-200,9.032372124142755,9.032372124142755,False,253.25175248879114,253.25175248879114,False,1.370336622836079,1.0,True,DWG-200,DWG-200,False,True
B-0190,Tank,0.7579390530204737,70.14185859289174,0.9631019291263088,,0.7579390530204737,0.7579390530204737,False,70.14185859289174,70.14185859289174,False,0.9631019291263088,0.9631019291263088,False,,DWG-MANUAL,True,True
B-0191,Valve,-1.3429826580987534,214.07549979057532,0.4978474481688364,DWG-300,-1.3429826580987534,0.0,True,214.07549979057532,214.07549979057532,False,0.4978474481688364,0.4978474481688364,False,DWG-300,DWG-300,False,True
B-0192,Pipe,4.143757120363538,121.1270415653245,1.0006683242209065,DWG-200,4.143757120363538,4.143757120363538,False,121.1270415653245,121.1270415653245,False,1.0006683242209065,1.0,True,DWG-200,DWG-200,False,True
B-0193,Motor,-3.2819385793549927,134.81038629845406,0.9262316769765555,DWG-200,-3.2819385793549927,0.0,True,134.81038629845406,134.81038629845406,False,0.9262316769765555,0.9262316769765555,False,DWG-200,DWG-200,False,True
B-0194,Valve,0.5708055572225437,148.37207362786447,1.107950550816549,DWG-200,0.5708055572225437,0.5708055572225437,False,148.37207362786447,148.37207362786447,False,1.107950550816549,1.0,True,DWG-200,DWG-200,False,True
B-0195,Tank,-4.583023140710788,133.7250272020778,0.9846362702539917,DWG-100,-4.583023140710788,0.0,True,133.7250272020778,133.7250272020778,False,0.9846362702539917,0.9846362702539917,False,DWG-100,DWG-100,False,True
B-0198,Tank,-0.5978040639406847,103.58254036417642,0.808195348542795,DWG-200,-0.5978040639406847,0.0,True,103.58254036417642,103.58254036417642,False,0.808195348542795,0.808195348542795,False,DWG-200,DWG-200,False,True
B-0201,Filter,3.232243203734216,252.81406585393674,0.9677156808841219,,3.232243203734216,3.232243203734216,False,252.81406585393674,252.81406585393674,False,0.9677156808841219,0.9677156808841219,False,,DWG-MANUAL,True,True
B-0202,Valve,9.913333600347402,-1.1670762471123624,1.1839809008702813,DWG-300,9.913333600347402,9.913333600347402,False,-1.1670762471123624,-1.1670762471123624,False,1.1839809008702813,1.0,True,DWG-300,DWG-300,False,True
B-0205,Pump,0.3934540748425599,-91.69301225416578,0.9389205336440282,DWG-300,0.3934540748425599,0.3934540748425599,False,-91.69301225416578,-40.0,True,0.9389205336440282,0.9389205336440282,False,DWG-300,DWG-300,False,True
B-0206,Filter,2.799586422786848,95.37252978929472,1.0893262973291302,DWG-100,2.799586422786848,2.799586422786848,False,95.37252978929472,95.37252978929472,False,1.0893262973291302,1.0,True,DWG-100,DWG-100,False,True
B-0207,Filter,-13.415369317884679,-1.726198896985693,0.7280434191361236,DWG-300,-13.415369317884679,0.0,True,-1.726198896985693,-1.726198896985693,False,0.7280434191361236,0.7280434191361236,False,DWG-300,DWG-300,False,True
B-0208,Pipe,-7.121528497588418,180.87722587864687,0.8231965666654164,DWG-100,-7.121528497588418,0.0,True,180.87722587864687,180.87722587864687,False,0.8231965666654164,0.8231965666654164,False,DWG-100,DWG-100,False,True
B-0211,Valve,3.0077116835489734,-146.74488771346373,0.9796560867687718,DWG-300,3.0077116835489734,3.0077116835489734,False,-146.74488771346373,-40.0,True,0.9796560867687718,0.9796560867687718,False,DWG-300,DWG-300,False,True
B-0212,Motor,9.61245570444613,25.723241690110797,0.8258103702784436,,9.61245570444613,9.61245570444613,False,25.723241690110797,25.723241690110797,False,0.8258103702784436,0.8258103702784436,False,,DWG-MANUAL,True,True
B-0213,Valve,7.490001236348289,-210.8655191954748,0.9339064887814055,DWG-100,7.490001236348289,7.490001236348289,False,-210.8655191954748,-40.0,True,0.9339064887814055,0.9339064887814055,False,DWG-100,DWG-100,False,True
B-0214,Valve,29.6310464676419,-110.0683388182868,0.67250156443958,DWG-200,29.6310464676419,29.6310464676419,False,-110.0683388182868,-40.0,True,0.67250156443958,0.67250156443958,False,DWG-200,DWG-200,False,True
B-0215,Tank,13.956599291476614,171.2497587373157,0.7625083399353179,,13.956599291476614,13.956599291476614,False,171.2497587373157,171.2497587373157,False,0.7625083399353179,0.7625083399353179,False,,DWG-MANUAL,True,True
B-0217,Pump,-2.644323524803406,131.05490741419578,0.7754333695816465,DWG-300,-2.644323524803406,0.0,True,131.05490741419578,131.05490741419578,False,0.7754333695816465,0.7754333695816465,False,DWG-300,DWG-300,False,True
B-0218,Pump,-7.85157056206058,-36.03713717550556,1.1953927702466811,DWG-200,-7.85157056206058,0.0,True,-36.03713717550556,-36.03713717550556,False,1.1953927702466811,1.0,True,DWG-200,DWG-200,False,True
B-0220,Pipe,-1.0508059622744268,79.56769530913179,0.8949369451503771,DWG-100,-1.0508059622744268,0.0,True,79.56769530913179,79.56769530913179,False,0.8949369451503771,0.8949369451503771,False,DWG-100,DWG-100,False,True
B-0221,Motor,-6.378029676781393,-59.00376270310514,1.036518166374618,DWG-100,-6.378029676781393,0.0,True,-59.00376270310514,-40.0,True,1.036518166374618,1.0,True,DWG-100,DWG-100,False,True
B-0222,Valve,-0.17258307394021255,260.4077962120581,0.5663268534133936,DWG-300,-0.17258307394021255,0.0,True,260.4077962120581,260.4077962120581,False,0.5663268534133936,0.5663268534133936,False,DWG-300,DWG-300,False,True
B-0223,Valve,-3.6523840289151597,185.28347486908058,0.49783823760384477,DWG-200,-3.6523840289151597,0.0,True,185.28347486908058,185.28347486908058,False,0.49783823760384477,0.49783823760384477,False,DWG-200,DWG-200,False,True
B-0225,Pipe,12.053118055595604,83.2263006793437,1.1025168206854363,DWG-200,12.053118055595604,12.053118055595604,False,83.2263006793437,83.2263006793437,False,1.1025168206854363,1.0,True,DWG-200,DWG-200,False,True
B-0227,Motor,16.839553111120207,-165.00818421091486,1.3616398571336505,DWG-300,16.839553111120207,16.839553111120207,False,-165.00818421091486,-40.0,True,1.3616398571336505,1.0,True,DWG-300,DWG-300,False,True
B-0228,Filter,5.618946461180946,50.33871409752837,0.7371504802685223,,5.618946461180946,5.618946461180946,False,50.33871409752837,50.33871409752837,False,0.7371504802685223,0.7371504802685223,False,,DWG-MANUAL,True,True
B-0229,Pump,-1.8902736106261093,-1.8381097597358291,0.8869102606394074,DWG-200,-1.8902736106261093,0.0,True,-1.8381097597358291,-1.8381097597358291,False,0.8869102606394074,0.8869102606394074,False,DWG-200,DWG-200,False,True
B-0230,Pipe,17.18499261815726,-40.19440118738986,1.158421990513575,DWG-300,17.18499261815726,17.18499261815726,False,-40.19440118738986,-40.0,True,1.158421990513575,1.0,True,DWG-300,DWG-300,False,True
B-0231,Filter,9.311280349477268,46.26796485368541,1.2512185776318245,DWG-300,9.311280349477268,9.311280349477268,False,46.26796485368541,46.26796485368541,False,1.2512185776318245,1.0,True,DWG-300,DWG-300,False,True
B-0232,Tank,-3.297969234611651,295.7223832219427,1.2623007153272796,DWG-200,-3.297969234611651,0.0,True,295.7223832219427,295.7223832219427,False,1.2623007153272796,1.0,True,DWG-200,DWG-200,False,True
B-0233,Tank,3.4772905753311347,156.90114335204117,1.0916732461186285,,3.4772905753311347,3.4772905753311347,False,156.90114335204117,156.90114335204117,False,1.0916732461186285,1.0,True,,DWG-MANUAL,True,True
B-0234,Valve,-2.0049460270780575,11.458521226064391,1.0548125051622925,DWG-100,-2.0049460270780575,0.0,True,11.458521226064391,11.458521226064391,False,1.0548125051622925,1.0,True,DWG-100,DWG-100,False,True
B-0235,Pipe,-6.0623978477146885,148.709933762739,0.9685053898402366,DWG-100,-6.0623978477146885,0.0,True,148.709933762739,148.709933762739,False,0.9685053898402366,0.9685053898402366,False,DWG-100,DWG-100,False,True
B-0236,Motor,12.409420380253131,247.92265239032025,1.0056722152333275,DWG-300,12.409420380253131,12.409420380253131,False,247.92265239032025,247.92265239032025,False,1.0056722152333275,1.0,True,DWG-300,DWG-300,False,True
B-0238,Pump,-6.18854059055313,87.15564439042089,0.6863602233155386,DWG-300,-6.18854059055313,0.0,True,87.15564439042089,87.15564439042089,False,0.6863602233155386,0.6863602233155386,False,DWG-300,DWG-300,False,True
B-0240,Pipe,-0.20514055297461553,163.78679763363078,0.8159630754950142,DWG-100,-0.20514055297461553,0.0,True,163.78679763363078,163.78679763363078,False,0.8159630754950142,0.8159630754950142,False,DWG-100,DWG-100,False,True
B-0243,Valve,-1.9119261574385282,156.22061620183632,1.0410610417141022,DWG-200,-1.9119261574385282,0.0,True,156.22061620183632,156.22061620183632,False,1.0410610417141022,1.0,True,DWG-200,DWG-200,False,True
B-0245,Tank,-1.6476009312883022,15.771774612731846,1.1455060162110524,DWG-300,-1.6476009312883022,0.0,True,15.771774612731846,15.771774612731846,False,1.1455060162110524,1.0,True,DWG-300,DWG-300,False,True
B-0249,Filter,-2.260509296332783,-2.7025381707481415,0.47669267658538794,DWG-300,-2.260509296332783,0.0,True,-2.7025381707481415,-2.7025381707481415,False,0.47669267658538794,0.47669267658538794,False,DWG-300,DWG-300,False,True
B-0252,Filter,9.007337500995046,1.8298395662662017,1.152689948648426,DWG-100,9.007337500995046,9.007337500995046,False,1.8298395662662017,1.8298395662662017,False,1.152689948648426,1.0,True,DWG-100,DWG-100,False,True
B-0253,Tank,-2.8204419583884084,21.933699913481412,0.9761623369109556,DWG-200,-2.8204419583884084,0.0,True,21.933699913481412,21.933699913481412,False,0.9761623369109556,0.9761623369109556,False,DWG-200,DWG-200,False,True
B-0255,Tank,11.011096986974312,130.89991356822998,1.2208185132668377,DWG-100,11.011096986974312,11.011096986974312,False,130.89991356822998,130.89991356822998,False,1.2208185132668377,1.0,True,DWG-100,DWG-100,False,True
B-0256,Tank,-8.355242248970974,142.74025856425996,1.0942067391050705,DWG-100,-8.355242248970974,0.0,True,142.74025856425996,142.74025856425996,False,1.0942067391050705,1.0,True,DWG-100,DWG-100,False,True
B-0257,Filter,9.34688153903948,11.155999527370525,0.9664195406937232,,9.34688153903948,9.34688153903948,False,11.155999527370525,11.155999527370525,False,0.9664195406937232,0.9664195406937232,False,,DWG-MANUAL,True,True
B-0258,Filter,-0.3009900715667735,77.07744892868206,0.8047031802300336,DWG-100,-0.3009900715667735,0.0,True,77.07744892868206,77.07744892868206,False,0.8047031802300336,0.8047031802300336,False,DWG-100,DWG-100,False,True
B-0259,Valve,9.564789348745276,337.0724430334236,0.658112152655304,,9.564789348745276,9.564789348745276,False,337.0724430334236,337.0724430334236,False,0.658112152655304,0.658112152655304,False,,DWG-MANUAL,True,True
B-0260,Valve,-1.1060732523401349,287.30518041208535,0.7755586447857894,DWG-300,-1.1060732523401349,0.0,True,287.30518041208535,287.30518041208535,False,0.7755586447857894,0.7755586447857894,False,DWG-300,DWG-300,False,True
B-0261,Pump,-9.439056805316152,132.35884036088385,1.0677497239408371,DWG-300,-9.439056805316152,0.0,True,132.35884036088385,132.35884036088385,False,1.0677497239408371,1.0,True,DWG-300,DWG-300,False,True
B-0262,Valve,-8.020339503065301,84.56041738018403,1.2269172611869217,DWG-100,-8.020339503065301,0.0,True,84.56041738018403,84.56041738018403,False,1.2269172611869217,1.0,True,DWG-100,DWG-100,False,True
B-0263,Tank,5.384679573291056,94.40375920619135,1.158648705654438,DWG-100,5.384679573291056,5.384679573291056,False,94.40375920619135,94.40375920619135,False,1.158648705654438,1.0,True,DWG-100,DWG-100,False,True
B-0265,Valve,-2.2345330008352686,-42.73510782380866,0.6260765133421977,DWG-300,-2.2345330008352686,0.0,True,-42.73510782380866,-40.0,True,0.6260765133421977,0.6260765133421977,False,DWG-300,DWG-300,False,True
B-0267,Pump,-8.292160498151679,-120.23008886531073,0.49631212688742965,DWG-100,-8.292160498151679,0.0,True,-120.23008886531073,-40.0,True,0.49631212688742965,0.49631212688742965,False,DWG-100,DWG-100,False,True
B-0269,Pump,-4.688129598099653,157.6635127643289,0.8204794827402663,DWG-300,-4.688129598099653,0.0,True,157.6635127643289,157.6635127643289,False,0.8204794827402663,0.8204794827402663,False,DWG-300,DWG-300,False,True
B-0270,Tank,-0.21468886241727336,22.017624524075117,0.7567926996263515,DWG-300,-0.21468886241727336,0.0,True,22.017624524075117,22.017624524075117,False,0.7567926996263515,0.7567926996263515,False,DWG-300,DWG-300,False,True
B-0272,Pump,-1.8833069222716192,-67.09187956028094,0.9527200213139433,DWG-300,-1.8833069222716192,0.0,True,-67.09187956028094,-40.0,True,0.9527200213139433,0.9527200213139433,False,DWG-300,DWG-300,False,True
B-0273,Valve,1.9235556461613972,-95.72498562517842,0.7434598320676177,DWG-200,1.9235556461613972,1.9235556461613972,False,-95.72498562517842,-40.0,True,0.7434598320676177,0.7434598320676177,False,DWG-200,DWG-200,False,True
B-0277,Pump,-4.037654837260945,24.9338884557272,1.2044503193339489,DWG-200,-4.037654837260945,0.0,True,24.9338884557272,24.9338884557272,False,1.2044503193339489,1.0,True,DWG-200,DWG-200,False,True
B-0278,Valve,9.238433423322263,209.44170001175547,1.182251842909574,DWG-200,9.238433423322263,9.238433423322263,False,209.44170001175547,209.44170001175547,False,1.182251842909574,1.0,True,DWG-200,DWG-200,False,True
B-0280,Filter,-14.773156001018314,59.284724007101644,0.7295575879276439,DWG-200,-14.773156001018314,0.0,True,59.284724007101644,59.284724007101644,False,0.7295575879276439,0.7295575879276439,False,DWG-200,DWG-200,False,True
B-0281,Motor,-1.3751620437638143,186.03919249840067,0.9437548512150047,DWG-100,-1.3751620437638143,0.0,True,186.03919249840067,186.03919249840067,False,0.9437548512150047,0.9437548512150047,False,DWG-100,DWG-100,False,True
B-0283,Tank,3.3756369116560583,-109.16705883810994,0.9103583799638931,,3.3756369116560583,3.3756369116560583,False,-109.16705883810994,-40.0,True,0.9103583799638931,0.9103583799638931,False,,DWG-MANUAL,True,True
B-0284,Valve,7.969166986970471,257.1848419671075,1.003216055676938,DWG-100,7.969166986970471,7.969166986970471,False,257.1848419671075,257.1848419671075,False,1.003216055676938,1.0,True,DWG-100,DWG-100,False,True
B-0285,Valve,0.1681185062734354,245.61096249769417,1.0953866447768614,,0.1681185062734354,0.1681185062734354,False,245.61096249769417,245.61096249769417,False,1.0953866447768614,1.0,True,,DWG-MANUAL,True,True
B-0292,Filter,1.0991502074200517,76.93351148102657,1.03271692524665,DWG-100,1.0991502074200517,1.0991502074200517,False,76.93351148102657,76.93351148102657,False,1.03271692524665,1.0,True,DWG-100,DWG-100,False,True
B-0294,Valve,8.155617139026376,145.23201855133186,1.1485377137919044,DWG-200,8.155617139026376,8.155617139026376,False,145.23201855133186,145.23201855133186,False,1.1485377137919044,1.0,True,DWG-200,DWG-200,False,True
B-0297,Filter,21.60320638916351,-261.82511447560904,0.7005576641704353,DWG-100,21.60320638916351,21.60320638916351,False,-261.82511447560904,-40.0,True,0.7005576641704353,0.7005576641704353,False,DWG-100,DWG-100,False,True
B-0299,Tank,2.391811742657271,-128.76565345337195,1.02680907927221,DWG-300,2.391811742657271,2.391811742657271,False,-128.76565345337195,-40.0,True,1.02680907927221,1.0,True,DWG-300,DWG-300,False,True
B-0301,Valve,1.7353970158275889,-54.36038735513728,0.7937344885763573,DWG-300,1.7353970158275889,1.7353970158275889,False,-54.36038735513728,-40.0,True,0.7937344885763573,0.7937344885763573,False,DWG-300,DWG-300,False,True
B-0302,Tank,-11.30499628142283,-75.36177708650868,0.8633981434449743,DWG-200,-11.30499628142283,0.0,True,-75.36177708650868,-40.0,True,0.8633981434449743,0.8633981434449743,False,DWG-200,DWG-200,False,True
B-0303,Valve,-3.0646904873392327,219.29921448542234,0.9531878435408199,DWG-200,-3.0646904873392327,0.0,True,219.29921448542234,219.29921448542234,False,0.9531878435408199,0.9531878435408199,False,DWG-200,DWG-200,False,True
B-0304,Motor,-9.966335368206845,23.87585584257304,0.5374908286226914,DWG-100,-9.966335368206845,0.0,True,23.87585584257304,23.87585584257304,False,0.5374908286226914,0.5374908286226914,False,DWG-100,DWG-100,False,True
B-0306,Pipe,5.1473470335164135,74.36953053449791,1.0088529359243654,,5.1473470335164135,5.1473470335164135,False,74.36953053449791,74.36953053449791,False,1.0088529359243654,1.0,True,,DWG-MANUAL,True,True
B-0309,Pipe,3.2471957695290863,-73.95906690262836,0.578683639075319,DWG-300,3.2471957695290863,3.2471957695290863,False,-73.95906690262836,-40.0,True,0.578683639075319,0.578683639075319,False,DWG-300,DWG-300,False,True
B-0311,Motor,-12.689082472063081,20.7492100206425,0.8428717035405032,DWG-300,-12.689082472063081,0.0,True,20.7492100206425,20.7492100206425,False,0.8428717035405032,0.8428717035405032,False,DWG-300,DWG-300,False,True
B-0312,Valve,6.884916464868527,-106.78982783917013,0.5269736368188981,DWG-200,6.884916464868527,6.884916464868527,False,-106.78982783917013,-40.0,True,0.5269736368188981,0.5269736368188981,False,DWG-200,DWG-200,False,True
B-0313,Filter,11.166921551095735,28.6261806840905,1.0829478708914342,DWG-200,11.166921551095735,11.166921551095735,False,28.6261806840905,28.6261806840905,False,1.0829478708914342,1.0,True,DWG-200,DWG-200,False,True
B-0314,Valve,-6.828689966238732,260.0911748761173,0.7030816846403901,DWG-200,-6.828689966238732,0.0,True,260.0911748761173,260.0911748761173,False,0.7030816846403901,0.7030816846403901,False,DWG-200,DWG-200,False,True
B-0317,Pipe,1.6776966887935898,38.08907548178855,1.079727469885743,DWG-300,1.6776966887935898,1.6776966887935898,False,38.08907548178855,38.08907548178855,False,1.079727469885743,1.0,True,DWG-300,DWG-300,False,True
B-0323,Filter,-1.7987549557183344,108.65469908318163,0.7765944321833356,DWG-200,-1.7987549557183344,0.0,True,108.65469908318163,108.65469908318163,False,0.7765944321833356,0.7765944321833356,False,DWG-200,DWG-200,False,True
B-0325,Tank,-1.8486706072709378,56.43801810980261,0.8672287766092749,DWG-300,-1.8486706072709378,0.0,True,56.43801810980261,56.43801810980261,False,0.8672287766092749,0.8672287766092749,False,DWG-300,DWG-300,False,True
B-0329,Pipe,7.669296842295586,86.23350629687593,1.030786968217239,DWG-100,7.669296842295586,7.669296842295586,False,86.23350629687593,86.23350629687593,False,1.030786968217239,1.0,True,DWG-100,DWG-100,False,True
B-0333,Tank,-2.830109726258459,-159.7840821438529,1.2614990939423398,DWG-100,-2.830109726258459,0.0,True,-159.7840821438529,-40.0,True,1.2614990939423398,1.0,True,DWG-100,DWG-100,False,True
B-0337,Pump,-2.3773225934210034,-267.55064538324274,1.124975283829637,DWG-100,-2.3773225934210034,0.0,True,-267.55064538324274,-40.0,True,1.124975283829637,1.0,True,DWG-100,DWG-100,False,True
B-0341,Filter,20.014366500464526,-44.7887112550637,0.6593342783482575,DWG-100,20.014366500464526,20.014366500464526,False,-44.7887112550637,-40.0,True,0.6593342783482575,0.6593342783482575,False,DWG-100,DWG-100,False,True
B-0342,Valve,-1.1903135928285842,153.53286860750836,0.8745340631989591,DWG-100,-1.1903135928285842,0.0,True,153.53286860750836,153.53286860750836,False,0.8745340631989591,0.8745340631989591,False,DWG-100,DWG-100,False,True
B-0343,Motor,-4.957237626491336,-46.409867580838736,1.174935691693912,DWG-300,-4.957237626491336,0.0,True,-46.409867580838736,-40.0,True,1.174935691693912,1.0,True,DWG-300,DWG-300,False,True
B-0344,Filter,-9.229761991234229,5.14772471650339,0.9146158546232058,DWG-100,-9.229761991234229,0.0,True,5.14772471650339,5.14772471650339,False,0.9146158546232058,0.9146158546232058,False,DWG-100,DWG-100,False,True
B-0348,Tank,7.239749010558562,184.4081276826505,1.0266219554294318,DWG-300,7.239749010558562,7.239749010558562,False,184.4081276826505,184.4081276826505,False,1.0266219554294318,1.0,True,DWG-300,DWG-300,False,True
B-0349,Valve,-4.003912378387012,139.48182655671255,0.8344325605974395,DWG-100,-4.003912378387012,0.0,True,139.48182655671255,139.48182655671255,False,0.8344325605974395,0.8344325605974395,False,DWG-100,DWG-100,False,True
B-0351,Filter,6.03376945580182,123.79532029594705,1.4886215135689722,DWG-300,6.03376945580182,6.03376945580182,False,123.79532029594705,123.79532029594705,False,1.4886215135689722,1.0,True,DWG-300,DWG-300,False,True
B-0352,Filter,5.875158356839143,368.409870228593,0.9097505816731373,DWG-200,5.875158356839143,5.875158356839143,False,368.409870228593,350.0,True,0.9097505816731373,0.9097505816731373,False,DWG-200,DWG-200,False,True
B-0355,Pipe,6.791072194233051,206.07852752091344,1.079689141839351,,6.791072194233051,6.791072194233051,False,206.07852752091344,206.07852752091344,False,1.079689141839351,1.0,True,,DWG-MANUAL,True,True
B-0356,Motor,-1.3237956435624953,212.66311195495805,0.8726540821075529,DWG-100,-1.3237956435624953,0.0,True,212.66311195495805,212.66311195495805,False,0.8726540821075529,0.8726540821075529,False,DWG-100,DWG-100,False,True
B-0358,Tank,20.05619597180027,156.64762664350215,1.0338457869150406,DWG-200,20.05619597180027,20.05619597180027,False,156.64762664350215,156.64762664350215,False,1.0338457869150406,1.0,True,DWG-200,DWG-200,False,True
B-0359,Filter,15.763360369239821,-57.16058952765803,0.7163711828922011,DWG-200,15.763360369239821,15.763360369239821,False,-57.16058952765803,-40.0,True,0.7163711828922011,0.7163711828922011,False,DWG-200,DWG-200,False,True
B-0360,Valve,17.745493013115176,276.0117838761315,1.2246595552435091,DWG-200,17.745493013115176,17.745493013115176,False,276.0117838761315,276.0117838761315,False,1.2246595552435091,1.0,True,DWG-200,DWG-200,False,True
B-0361,Motor,0.9102745885505188,-57.56144716224256,1.0660096131429297,DWG-300,0.9102745885505188,0.9102745885505188,False,-57.56144716224256,-40.0,True,1.0660096131429297,1.0,True,DWG-300,DWG-300,False,True
B-0362,Motor,-2.916838562068647,116.31625582868398,0.7605356208682498,DWG-100,-2.916838562068647,0.0,True,116.31625582868398,116.31625582868398,False,0.7605356208682498,0.7605356208682498,False,DWG-100,DWG-100,False,True
B-0363,Valve,3.993704639202815,-10.513102002322952,1.1062032723470225,DWG-100,3.993704639202815,3.993704639202815,False,-10.513102002322952,-10.513102002322952,False,1.1062032723470225,1.0,True,DWG-100,DWG-100,False,True
B-0365,Motor,13.753532147767588,119.45148923641764,1.020554735024444,DWG-300,13.753532147767588,13.753532147767588,False,119.45148923641764,119.45148923641764,False,1.020554735024444,1.0,True,DWG-300,DWG-300,False,True
B-0366,Tank,-8.539717037718555,118.56286585403276,0.9469465634588949,,-8.539717037718555,0.0,True,118.56286585403276,118.56286585403276,False,0.9469465634588949,0.9469465634588949,False,,DWG-MANUAL,True,True
B-0368,Valve,3.7359368113680844,273.64535228703767,0.7212900335365076,,3.7359368113680844,3.7359368113680844,False,273.64535228703767,273.64535228703767,False,0.7212900335365076,0.7212900335365076,False,,DWG-MANUAL,True,True
B-0369,Filter,1.5849514404206397,134.4241161816776,1.0559921635162322,DWG-300,1.5849514404206397,1.5849514404206397,False,134.4241161816776,134.4241161816776,False,1.0559921635162322,1.0,True,DWG-300,DWG-300,False,True
B-0370,Motor,-3.09683500208134,50.70120376512216,0.7830449335786918,DWG-100,-3.09683500208134,0.0,True,50.70120376512216,50.70120376512216,False,0.7830449335786918,0.7830449335786918,False,DWG-100,DWG-100,False,True
B-0371,Motor,-8.238853374926155,195.69046019460288,0.7692703073516006,DWG-100,-8.238853374926155,0.0,True,195.69046019460288,195.69046019460288,False,0.7692703073516006,0.7692703073516006,False,DWG-100,DWG-100,False,True
B-0373,Tank,5.586543737507231,-67.3129378164391,0.9347198131186922,DWG-300,5.586543737507231,5.586543737507231,False,-67.3129378164391,-40.0,True,0.9347198131186922,0.9347198131186922,False,DWG-300,DWG-300,False,True
B-0374,Pump,-5.319687197928431,151.68800838198297,1.262504983848629,DWG-100,-5.319687197928431,0.0,True,151.68800838198297,151.68800838198297,False,1.262504983848629,1.0,True,DWG-100,DWG-100,False,True
B-0375,Valve,-5.360630176508929,164.1407290773078,0.6364934171491454,DWG-200,-5.360630176508929,0.0,True,164.1407290773078,164.1407290773078,False,0.6364934171491454,0.6364934171491454,False,DWG-200,DWG-200,False,True
B-0376,Pump,2.3137224056789742,44.29237959680097,0.8548438913345516,,2.3137224056789742,2.3137224056789742,False,44.29237959680097,44.29237959680097,False,0.8548438913345516,0.8548438913345516,False,,DWG-MANUAL,True,True
B-0377,Pipe,18.352172202315145,245.08481759739433,1.1324441110830858,DWG-200,18.352172202315145,18.352172202315145,False,245.08481759739433,245.08481759739433,False,1.1324441110830858,1.0,True,DWG-200,DWG-200,False,True
B-0379,Tank,-7.02514362494485,95.06917441658507,0.9404743592499467,DWG-200,-7.02514362494485,0.0,True,95.06917441658507,95.06917441658507,False,0.9404743592499467,0.9404743592499467,False,DWG-200,DWG-200,False,True
B-0382,Pipe,-16.575093143532573,-51.553010427424226,0.8125711469990902,DWG-200,-16.575093143532573,0.0,True,-51.553010427424226,-40.0,True,0.8125711469990902,0.8125711469990902,False,DWG-200,DWG-200,False,True
B-0383,Pump,4.565641067857502,-92.80610591131531,1.0471459991359726,DWG-100,4.565641067857502,4.565641067857502,False,-92.80610591131531,-40.0,True,1.0471459991359726,1.0,True,DWG-100,DWG-100,False,True
B-0384,Tank,3.1525237583305765,271.34060758699667,1.0874772103129502,DWG-300,3.1525237583305765,3.1525237583305765,False,271.34060758699667,271.34060758699667,False,1.0874772103129502,1.0,True,DWG-300,DWG-300,False,True
B-0385,Pump,10.569650918507346,-21.63536179819934,1.3679127284037227,DWG-200,10.569650918507346,10.569650918507346,False,-21.63536179819934,-21.63536179819934,False,1.3679127284037227,1.0,True,DWG-200,DWG-200,False,True
B-0387,Pump,14.01252023638206,-178.4068136324458,0.9151592633164333,DWG-300,14.01252023638206,14.01252023638206,False,-178.4068136324458,-40.0,True,0.9151592633164333,0.9151592633164333,False,DWG-300,DWG-300,False,True
B-0389,Valve,-3.8522072699333627,-78.7707752088998,0.7793667414378623,DWG-300,-3.8522072699333627,0.0,True,-78.7707752088998,-40.0,True,0.7793667414378623,0.7793667414378623,False,DWG-300,DWG-300,False,True
B-0393,Motor,4.806999303119974,350.2922966413171,1.113519507121592,DWG-300,4.806999303119974,4.806999303119974,False,350.2922966413171,350.0,True,1.113519507121592,1.0,True,DWG-300,DWG-300,False,True
B-0395,Pump,3.8451167046084604,41.02023397896531,1.0779757122258091,DWG-100,3.8451167046084604,3.8451167046084604,False,41.02023397896531,41.02023397896531,False,1.0779757122258091,1.0,True,DWG-100,DWG-100,False,True
B-0396,Tank,0.4107039449581098,-219.92868578482876,1.113423013467973,DWG-100,0.4107039449581098,0.4107039449581098,False,-219.92868578482876,-40.0,True,1.113423013467973,1.0,True,DWG-100,DWG-100,False,True
B-0397,Pump,0.6251284700768629,354.913108710889,0.8263862946017843,DWG-300,0.6251284700768629,0.6251284700768629,False,354.913108710889,350.0,True,0.8263862946017843,0.8263862946017843,False,DWG-300,DWG-300,False,True
B-0398,Valve,4.737973838272013,-86.74869601163152,0.425629020198281,DWG-300,4.737973838272013,4.737973838272013,False,-86.74869601163152,-40.0,True,0.425629020198281,0.425629020198281,False,DWG-300,DWG-300,False,True
B-0399,Motor,0.6526018309298802,-117.44784963482701,0.7284356025811135,DWG-100,0.6526018309298802,0.6526018309298802,False,-117.44784963482701,-40.0,True,0.7284356025811135,0.7284356025811135,False,DWG-100,DWG-100,False,True
B-0400,Filter,-0.7027662614173149,202.70845184115683,1.1093989093122218,DWG-300,-0.7027662614173149,0.0,True,202.70845184115683,202.70845184115683,False,1.1093989093122218,1.0,True,DWG-300,DWG-300,False,True
B-0401,Pump,5.8514418215351744,372.77028876071273,0.8454263875402236,DWG-200,5.8514418215351744,5.8514418215351744,False,372.77028876071273,350.0,True,0.8454263875402236,0.8454263875402236,False,DWG-200,DWG-200,False,True
B-0404,Motor,-16.207758467144096,151.3705209998343,1.0181240053009106,DWG-300,-16.207758467144096,0.0,True,151.3705209998343,151.3705209998343,False,1.0181240053009106,1.0,True,DWG-300,DWG-300,False,True
B-0407,Pipe,-11.587121859265196,113.7429708763251,0.7766351176370625,DWG-100,-11.587121859265196,0.0,True,113.7429708763251,113.7429708763251,False,0.7766351176370625,0.7766351176370625,False,DWG-100,DWG-100,False,True
B-0410,Tank,-6.26009355774257,-10.475750664001154,1.1730751378938884,DWG-100,-6.26009355774257,0.0,True,-10.475750664001154,-10.475750664001154,False,1.1730751378938884,1.0,True,DWG-100,DWG-100,False,True
B-0411,Filter,-1.2225335007270024,46.31899077598711,0.7855359061577321,DWG-300,-1.2225335007270024,0.0,True,46.31899077598711,46.31899077598711,False,0.7855359061577321,0.7855359061577321,False,DWG-300,DWG-300,False,True
B-0412,Pump,-3.88460676372663,-123.15481770344627,1.0934317041650994,DWG-100,-3.88460676372663,0.0,True,-123.15481770344627,-40.0,True,1.0934317041650994,1.0,True,DWG-100,DWG-100,False,True
B-0413,Pump,19.01816354738898,68.19924478463001,1.1542632103844903,DWG-200,19.01816354738898,19.01816354738898,False,68.19924478463001,68.19924478463001,False,1.1542632103844903,1.0,True,DWG-200,DWG-200,False,True
B-0414,Pipe,12.485427145179688,-38.6309328581101,1.0496621796295922,DWG-200,12.485427145179688,12.485427145179688,False,-38.6309328581101,-38.6309328581101,False,1.0496621796295922,1.0,True,DWG-200,DWG-200,False,True
B-0415,Tank,15.17244075995327,-52.430718065892506,0.7636759374563903,DWG-100,15.17244075995327,15.17244075995327,False,-52.430718065892506,-40.0,True,0.7636759374563903,0.7636759374563903,False,DWG-100,DWG-100,False,True
B-0417,Pump,-4.032414169737834,247.04027436135192,0.8451608787218168,DWG-200,-4.032414169737834,0.0,True,247.04027436135192,247.04027436135192,False,0.8451608787218168,0.8451608787218168,False,DWG-200,DWG-200,False,True
B-0419,Motor,8.914996489823345,-108.46007243478124,0.9148718563443206,DWG-200,8.914996489823345,8.914996489823345,False,-108.46007243478124,-40.0,True,0.9148718563443206,0.9148718563443206,False,DWG-200,DWG-200,False,True
B-0420,Pipe,-4.777022471135563,-38.75537638844051,0.6141920417680394,DWG-200,-4.777022471135563,0.0,True,-38.75537638844051,-38.75537638844051,False,0.6141920417680394,0.6141920417680394,False,DWG-200,DWG-200,False,True
B-0421,Pump,10.703987441379105,192.89254255858592,1.0875358776923127,DWG-200,10.703987441379105,10.703987441379105,False,192.89254255858592,192.89254255858592,False,1.0875358776923127,1.0,True,DWG-200,DWG-200,False,True
B-0424,Valve,10.687679745627932,146.00625188294623,0.9066575743092284,,10.687679745627932,10.687679745627932,False,146.00625188294623,146.00625188294623,False,0.9066575743092284,0.9066575743092284,False,,DWG-MANUAL,True,True
B-0427,Pipe,14.274638426913985,-80.08305939018453,0.7550192686754951,DWG-100,14.274638426913985,14.274638426913985,False,-80.08305939018453,-40.0,True,0.7550192686754951,0.7550192686754951,False,DWG-100,DWG-100,False,True
B-0428,Pipe,-3.6485066207991785,7.835882725854361,1.0242594594914487,DWG-300,-3.6485066207991785,0.0,True,7.835882725854361,7.835882725854361,False,1.0242594594914487,1.0,True,DWG-300,DWG-300,False,True
B-0430,Filter,9.744810063747071,-111.1592480238003,0.8752759159092823,DWG-200,9.744810063747071,9.744810063747071,False,-111.1592480238003,-40.0,True,0.8752759159092823,0.8752759159092823,False,DWG-200,DWG-200,False,True
B-0431,Motor,2.5236284854880777,132.85696855524787,1.237785799811657,,2.5236284854880777,2.5236284854880777,False,132.85696855524787,132.85696855524787,False,1.237785799811657,1.0,True,,DWG-MANUAL,True,True
B-0433,Motor,-5.008908611082424,146.29879453005773,0.7144510058950296,DWG-100,-5.008908611082424,0.0,True,146.29879453005773,146.29879453005773,False,0.7144510058950296,0.7144510058950296,False,DWG-100,DWG-100,False,True
B-0438,Filter,-0.634749524342074,94.67570036387406,0.976944293712354,DWG-100,-0.634749524342074,0.0,True,94.67570036387406,94.67570036387406,False,0.976944293712354,0.976944293712354,False,DWG-100,DWG-100,False,True
B-0439,Pipe,-6.267690370908477,145.19576348436655,1.0719399683912445,DWG-100,-6.267690370908477,0.0,True,145.19576348436655,145.19576348436655,False,1.0719399683912445,1.0,True,DWG-100,DWG-100,False,True
B-0440,Motor,-7.45303338819123,85.86320843908452,0.9319637313857025,DWG-300,-7.45303338819123,0.0,True,85.86320843908452,85.86320843908452,False,0.9319637313857025,0.9319637313857025,False,DWG-300,DWG-300,False,True
B-0442,Pipe,-5.243434819970265,-4.239002536810645,0.9845147402405463,DWG-200,-5.243434819970265,0.0,True,-4.239002536810645,-4.239002536810645,False,0.9845147402405463,0.9845147402405463,False,DWG-200,DWG-200,False,True
B-0443,Tank,19.03835345587492,0.4518898938862179,1.2299763869790432,DWG-200,19.03835345587492,19.03835345587492,False,0.4518898938862179,0.4518898938862179,False,1.2299763869790432,1.0,True,DWG-200,DWG-200,False,True
B-0444,Filter,-11.655435263069776,-88.31263261596322,0.8234732507234853,DWG-100,-11.655435263069776,0.0,True,-88.31263261596322,-40.0,True,0.8234732507234853,0.8234732507234853,False,DWG-100,DWG-100,False,True
B-0446,Pump,6.688139737620947,-69.26358824695421,1.0714161338573946,DWG-300,6.688139737620947,6.688139737620947,False,-69.26358824695421,-40.0,True,1.0714161338573946,1.0,True,DWG-300,DWG-300,False,True
B-0447,Filter,4.226295105036861,-3.1486237355088775,0.8259237672092803,,4.226295105036861,4.226295105036861,False,-3.1486237355088775,-3.1486237355088775,False,0.8259237672092803,0.8259237672092803,False,,DWG-MANUAL,True,True
B-0449,Pipe,8.193088914816567,187.39092523333295,1.0194843354300844,DWG-100,8.193088914816567,8.193088914816567,False,187.39092523333295,187.39092523333295,False,1.0194843354300844,1.0,True,DWG-100,DWG-100,False,True
B-0456,Motor,7.462414151136473,-62.511810283541536,0.9526211596352165,DWG-100,7.462414151136473,7.462414151136473,False,-62.511810283541536,-40.0,True,0.9526211596352165,0.9526211596352165,False,DWG-100,DWG-100,False,True
B-0457,Pump,-8.681347141253005,117.1784852272433,0.7980906644832165,DWG-100,-8.681347141253005,0.0,True,117.1784852272433,117.1784852272433,False,0.7980906644832165,0.7980906644832165,False,DWG-100,DWG-100,False,True
B-0458,Motor,-5.785483376845704,156.05322571185184,0.9977620961775006,DWG-100,-5.785483376845704,0.0,True,156.05322571185184,156.05322571185184,False,0.9977620961775006,0.9977620961775006,False,DWG-100,DWG-100,False,True
B-0461,Filter,3.5281333091785667,64.42151603198886,1.0671964232350064,DWG-200,3.5281333091785667,3.5281333091785667,False,64.42151603198886,64.42151603198886,False,1.0671964232350064,1.0,True,DWG-200,DWG-200,False,True
B-0463,Valve,7.780653642893368,62.359759804581365,1.011611559656229,,7.780653642893368,7.780653642893368,False,62.359759804581365,62.359759804581365,False,1.011611559656229,1.0,True,,DWG-MANUAL,True,True
B-0464,Pump,0.681922557525108,195.66549401538916,0.9234574626802681,,0.681922557525108,0.681922557525108,False,195.66549401538916,195.66549401538916,False,0.9234574626802681,0.9234574626802681,False,,DWG-MANUAL,True,True
B-0465,Pump,-1.2264378032185013,345.2627601909621,1.2176367353590245,DWG-300,-1.2264378032185013,0.0,True,345.2627601909621,345.2627601909621,False,1.2176367353590245,1.0,True,DWG-300,DWG-300,False,True
B-0466,Valve,6.566762040781453,13.10098579905997,0.8053068035256296,,6.566762040781453,6.566762040781453,False,13.10098579905997,13.10098579905997,False,0.8053068035256296,0.8053068035256296,False,,DWG-MANUAL,True,True
B-0467,Pump,-2.8269822209202564,-84.37635754948934,0.7801366407763605,DWG-200,-2.8269822209202564,0.0,True,-84.37635754948934,-40.0,True,0.7801366407763605,0.7801366407763605,False,DWG-200,DWG-200,False,True
B-0468,Pipe,8.266022045715776,69.40615419784942,0.8461160788224534,,8.266022045715776,8.266022045715776,False,69.40615419784942,69.40615419784942,False,0.8461160788224534,0.8461160788224534,False,,DWG-MANUAL,True,True
B-0469,Pipe,-8.620668833902723,389.5651205185182,0.7893640434331449,DWG-100,-8.620668833902723,0.0,True,389.5651205185182,350.0,True,0.7893640434331449,0.7893640434331449,False,DWG-100,DWG-100,False,True
B-0470,Valve,13.233245098605149,-16.440948156367696,1.00998838038841,DWG-200,13.233245098605149,13.233245098605149,False,-16.440948156367696,-16.440948156367696,False,1.00998838038841,1.0,True,DWG-200,DWG-200,False,True
B-0474,Motor,18.323795555700613,148.27796950223305,1.040061518394715,DWG-200,18.323795555700613,18.323795555700613,False,148.27796950223305,148.27796950223305,False,1.040061518394715,1.0,True,DWG-200,DWG-200,False,True
B-0475,Motor,13.114960520145043,275.40759477542457,1.192122674516385,DWG-300,13.114960520145043,13.114960520145043,False,275.40759477542457,275.40759477542457,False,1.192122674516385,1.0,True,DWG-300,DWG-300,False,True
B-0476,Pipe,-9.726993850653162,34.50467108150155,0.8291101562925057,DWG-200,-9.726993850653162,0.0,True,34.50467108150155,34.50467108150155,False,0.8291101562925057,0.8291101562925057,False,DWG-200,DWG-200,False,True
B-0477,Motor,-5.236615733885612,55.57035678771659,0.8162356553619978,DWG-100,-5.236615733885612,0.0,True,55.57035678771659,55.57035678771659,False,0.8162356553619978,0.8162356553619978,False,DWG-100,DWG-100,False,True
B-0479,Filter,5.20872840168667,-41.77080768314403,1.0823756605216381,DWG-200,5.20872840168667,5.20872840168667,False,-41.77080768314403,-40.0,True,1.0823756605216381,1.0,True,DWG-200,DWG-200,False,True
B-0481,Tank,-0.8059505052277247,-66.87283201147079,0.897673796546957,DWG-300,-0.8059505052277247,0.0,True,-66.87283201147079,-40.0,True,0.897673796546957,0.897673796546957,False,DWG-300,DWG-300,False,True
B-0482,Motor,6.494134115816626,84.09001619110713,1.045039525956486,DWG-100,6.494134115816626,6.494134115816626,False,84.09001619110713,84.09001619110713,False,1.045039525956486,1.0,True,DWG-100,DWG-100,False,True
B-0483,Pipe,-1.0430634588265804,-12.396787727037008,0.950218833987969,DWG-200,-1.0430634588265804,0.0,True,-12.396787727037008,-12.396787727037008,False,0.950218833987969,0.950218833987969,False,DWG-200,DWG-200,False,True
B-0485,Motor,-6.253288774785778,-106.70747754443528,1.0502092185134282,DWG-100,-6.253288774785778,0.0,True,-106.70747754443528,-40.0,True,1.0502092185134282,1.0,True,DWG-100,DWG-100,False,True
B-0486,Pipe,-2.3858659688872343,119.70562786573484,0.3093535414001525,DWG-200,-2.3858659688872343,0.0,True,119.70562786573484,119.70562786573484,False,0.3093535414001525,0.3093535414001525,False,DWG-200,DWG-200,False,True
B-0487,Filter,-5.813476844930669,180.02347539307095,0.9855750639061815,DWG-300,-5.813476844930669,0.0,True,180.02347539307095,180.02347539307095,False,0.9855750639061815,0.9855750639061815,False,DWG-300,DWG-300,False,True
B-0488,Motor,-2.806986023818662,-159.24827710857465,0.7191848633745153,DWG-300,-2.806986023818662,0.0,True,-159.24827710857465,-40.0,True,0.7191848633745153,0.7191848633745153,False,DWG-300,DWG-300,False,True
B-0490,Pipe,-2.595191110655544,227.32027909679508,0.9522405199049961,DWG-100,-2.595191110655544,0.0,True,227.32027909679508,227.32027909679508,False,0.9522405199049961,0.9522405199049961,False,DWG-100,DWG-100,False,True
B-0491,Pipe,26.059056518699126,-65.15692224294466,1.1247317090325915,DWG-100,26.059056518699126,26.059056518699126,False,-65.15692224294466,-40.0,True,1.1247317090325915,1.0,True,DWG-100,DWG-100,False,True
B-0493,Filter,6.478688989558991,130.28228112392543,1.0405749094405878,DWG-200,6.478688989558991,6.478688989558991,False,130.28228112392543,130.28228112392543,False,1.0405749094405878,1.0,True,DWG-200,DWG-200,False,True
B-0494,Motor,-1.8668622414497085,-4.601422691009063,1.1724556515977291,DWG-100,-1.8668622414497085,0.0,True,-4.601422691009063,-4.601422691009063,False,1.1724556515977291,1.0,True,DWG-100,DWG-100,False,True
B-0495,Filter,10.60247903527193,73.30771068107528,1.1129828907168093,,10.60247903527193,10.60247903527193,False,73.30771068107528,73.30771068107528,False,1.1129828907168093,1.0,True,,DWG-MANUAL,True,True
B-0496,Pump,0.39489739009780855,146.99922950260668,1.1779929058742786,DWG-200,0.39489739009780855,0.39489739009780855,False,146.99922950260668,146.99922950260668,False,1.1779929058742786,1.0,True,DWG-200,DWG-200,False,True
